{"train/learning_rate":1.4705882352941177e-05,"_step":0,"train/grad_norm":26.017398834228516,"_wandb":{"runtime":117},"_timestamp":1.7355978497437077e+09,"train/loss":92.2297,"_runtime":25.284838408,"train/global_step":10,"train/epoch":0.2222222222222222}