{"_timestamp":1.7362387396599715e+09,"train/global_step":10,"_wandb":{"runtime":57},"train/loss":11.4592,"train/grad_norm":3.1769063472747803,"train/learning_rate":6.17283950617284e-07,"train/epoch":0.03731343283582089,"_step":0,"_runtime":44.86263485}