{"train/global_step":10,"train/learning_rate":8.064516129032258e-07,"_runtime":43.647417634,"train/epoch":0.31746031746031744,"_timestamp":1.7369883868370848e+09,"train/loss":12.3097,"_wandb":{"runtime":48},"train/grad_norm":3.1469902992248535,"_step":0}