{"train/epoch":49.20634920634921,"train_loss":5.46238765593498,"_timestamp":1.7369978993613234e+09,"train/loss":3.6958,"eval/steps_per_second":5.779,"eval/runtime":18.6872,"train/grad_norm":0.9943804144859314,"train_samples_per_second":14.614,"_wandb":{"runtime":7316},"_step":25,"total_flos":2.718986934878208e+16,"train_steps_per_second":0.225,"eval/samples_per_second":46.235,"train_runtime":6887.1872,"train/global_step":1550,"_runtime":7287.118394754,"eval/loss":3.397998332977295,"train/learning_rate":1.4220733071243498e-08}