{"_wandb":{"runtime":163},"eval/samples_per_second":10.931,"_step":6,"train_loss":11.430541737874348,"train/loss":11.4213,"eval/steps_per_second":1.421,"total_flos":5.270365274112e+14,"train_runtime":162.6277,"train/grad_norm":3.2964823246002197,"eval/bleu":0,"eval/loss":11.384845733642578,"train/epoch":0.11194029850746269,"eval/bertscore_f1":0,"train/learning_rate":1.8518518518518519e-06,"_runtime":161.421363535,"train/global_step":30,"train_samples_per_second":316.367,"_timestamp":1.7362490377179387e+09,"eval/rouge2":0,"train_steps_per_second":4.944,"eval/runtime":9.1481,"eval/rougeL":0,"eval/rouge1":0}