{"train/learning_rate":1.4925373134328355e-07,"_runtime":44.904661381,"_timestamp":1.7362507459885085e+09,"_wandb":{"runtime":114},"_step":0,"train/loss":11.4595,"train/global_step":10,"train/epoch":0.03731343283582089,"train/grad_norm":3.161339044570923}