{"train/grad_norm":Infinity,"_runtime":36.849661754,"_wandb":{"runtime":93},"_timestamp":1.7354599369560997e+09,"train/global_step":4,"train/epoch":1.7111111111111112,"train/learning_rate":0,"train/loss":150.6002,"_step":1}