{"total_flos":9.82758424707072e+15,"train_runtime":2953.1589,"train/epoch":19.47826086956522,"_runtime":2951.755642682,"_step":84,"train_samples_per_second":12.448,"train_loss":9.432934529440743,"train_steps_per_second":0.19,"eval/runtime":17.1553,"eval/steps_per_second":5.771,"_timestamp":1.7369450330547307e+09,"train/learning_rate":0,"train/grad_norm":10.370404243469238,"train/global_step":560,"train/loss":7.2269,"eval/loss":6.406864643096924,"_wandb":{"runtime":2953},"eval/samples_per_second":45.992}