{"_timestamp":1.736250210142894e+09,"train/global_step":10,"train/loss":11.4595,"train/grad_norm":3.139065742492676,"_runtime":44.770114529,"train/learning_rate":1.4925373134328355e-07,"_step":0,"_wandb":{"runtime":115},"train/epoch":0.03731343283582089}