{"train/epoch":0.03731343283582089,"train/loss":11.4592,"_wandb":{"runtime":53},"train/grad_norm":3.1482675075531006,"train/global_step":10,"train/learning_rate":6.17283950617284e-07,"_step":0,"_timestamp":1.7362481799571686e+09,"_runtime":45.016067301}