{"_runtime":187.583136946,"_wandb":{"runtime":202},"eval/samples_per_second":1.523,"eval/loss":11.423251152038574,"eval/rouge1":0,"eval/rougeL":0,"eval/steps_per_second":0.381,"train/loss":91.4269,"eval/rouge2":0,"eval/meteor":0,"train/epoch":0.4444444444444444,"train/grad_norm":26.275650024414062,"_timestamp":1.735598981602659e+09,"eval/runtime":105.0389,"eval/bleu":0,"train/global_step":20,"train/learning_rate":2.9411764705882354e-05,"_step":1}