{"_step":4,"train/learning_rate":1.4655107114101008e-08,"_runtime":152.897970973,"eval/steps_per_second":5.944,"total_flos":5.4460441165824e+14,"eval/samples_per_second":47.553,"train/grad_norm":3.462481737136841,"train_loss":12.124599118386545,"train_samples_per_second":13.069,"train/global_step":31,"_timestamp":1.7369903667651463e+09,"train_runtime":154.0325,"eval/runtime":18.1692,"_wandb":{"runtime":351},"train/epoch":0.9841269841269841,"train_steps_per_second":0.201,"eval/loss":12.047598838806152,"train/loss":12.05}