{"train_runtime":1419.2688,"train/global_step":229,"_timestamp":1.735989040674338e+09,"eval/samples_per_second":46.165,"_runtime":1417.121587517,"eval/steps_per_second":5.774,"train_samples_per_second":10.357,"_wandb":{"runtime":1418},"train/loss":9.54,"train/learning_rate":2.351139701825267e-08,"total_flos":4.02304549257216e+15,"train_loss":9.913803167218203,"train_steps_per_second":0.161,"train/epoch":0.9967355821545157,"eval/loss":9.301474571228027,"eval/runtime":136.4671,"_step":14,"train/grad_norm":4.28942346572876}