{"train/grad_norm":Infinity,"train/global_step":1,"train/epoch":0.0021108179419525065,"_wandb":{"runtime":54},"_timestamp":1.7354366376494718e+09,"_runtime":3.371185332,"train/learning_rate":0,"train/loss":27.2261,"_step":0}