{"eval/runtime":33.3395,"eval/samples_per_second":0.6,"_wandb":{"runtime":809},"train_runtime":808.7709,"train/loss":63.6777,"eval/rouge1":0.2443784292990529,"train/epoch":9.71111111111111,"total_flos":3.8739140149248e+14,"train_loss":133.80328140258788,"train_samples_per_second":2.226,"_step":14,"_timestamp":1.7355843802654455e+09,"eval/rouge2":0.08473717922283726,"eval/bleu":0.04204641204324784,"eval/rougeL":0.21560336001125477,"train/grad_norm":306.1876220703125,"_runtime":807.57974295,"eval/steps_per_second":0.15,"train/learning_rate":1.3049554138967051e-05,"train/global_step":20,"eval/loss":3.37050199508667,"eval/rougeLsum":0.21695486640423714,"train_steps_per_second":0.025,"eval/meteor":0.23866238571395076}