{"train/global_step":20,"_step":1,"eval/error":1,"train/grad_norm":26.8712215423584,"eval/steps_per_second":0.234,"_wandb":{"runtime":235},"train/epoch":0.4444444444444444,"_runtime":233.886144369,"eval/samples_per_second":0.937,"eval/loss":11.015966415405273,"_timestamp":1.735596792509804e+09,"eval/runtime":170.8159,"train/learning_rate":2.9411764705882354e-05,"train/loss":91.4113}