{"train/loss":11.4592,"train/epoch":0.03731343283582089,"_timestamp":1.7362358702259622e+09,"_wandb":{"runtime":54},"train/grad_norm":3.2780392169952393,"train/global_step":10,"_step":0,"train/learning_rate":6.17283950617284e-07,"_runtime":44.076949781}