{"_wandb":{"runtime":55},"train/grad_norm":2.9186315536499023,"train/loss":11.4592,"_step":0,"_timestamp":1.7362363052504387e+09,"train/epoch":0.03731343283582089,"train/global_step":10,"_runtime":44.677864004,"train/learning_rate":6.17283950617284e-07}