{"_runtime":164.28909716,"train/grad_norm":3.076469898223877,"eval/rouge1":0,"train/learning_rate":1.8518518518518519e-06,"eval/loss":11.386809349060059,"eval/runtime":10.9898,"train_steps_per_second":4.85,"eval/samples_per_second":9.099,"_step":6,"eval/steps_per_second":1.183,"eval/bertscore_f1":0,"eval/bleu":0,"total_flos":5.270365274112e+14,"_timestamp":1.7362492343727794e+09,"train/epoch":0.11194029850746269,"train/loss":11.4227,"train_runtime":165.776,"eval/rouge2":0,"train/global_step":30,"train_samples_per_second":310.358,"eval/rougeL":0,"_wandb":{"runtime":166},"train_loss":11.431141408284505}