{"_runtime":1622.945691548,"train_runtime":1624.4589,"_wandb":{"runtime":1624},"eval/samples_per_second":45.027,"train_samples_per_second":22.629,"train_steps_per_second":0.345,"train/loss":1.9295,"train_loss":3.0939148457845054,"train/learning_rate":0.0002624614714151743,"eval/loss":1.8524372577667236,"_timestamp":1.7369136588327184e+09,"_step":45,"total_flos":5.2648753102848e+15,"eval/runtime":17.523,"train/grad_norm":0.27264103293418884,"eval/steps_per_second":5.65,"train/global_step":300,"train/epoch":10.434782608695652}