{"train/grad_norm":30.021413803100586,"_step":2,"train/epoch":0.6666666666666666,"train/global_step":30,"train/loss":87.2209,"_timestamp":1.735593690410993e+09,"train/learning_rate":4.411764705882353e-05,"_wandb":{"runtime":97},"_runtime":79.860448018}