{"_wandb":{"runtime":83},"_timestamp":1.7354539212124805e+09,"train/global_step":4,"_runtime":34.745647141,"_step":1,"train/epoch":1.7111111111111112,"train/loss":150.6002,"train/grad_norm":Infinity,"train/learning_rate":0}