{"_runtime":44.560838265,"train/learning_rate":6.17283950617284e-07,"train/grad_norm":3.2702219486236572,"train/global_step":10,"_wandb":{"runtime":518},"_timestamp":1.7362346379145117e+09,"_step":0,"train/loss":11.4592,"train/epoch":0.03731343283582089}