{"_step":9,"train/loss":28.4253,"train/learning_rate":9.935782422551438e-05,"_timestamp":1.7355957216204426e+09,"_wandb":{"runtime":392},"train/global_step":100,"train/epoch":2.2222222222222223,"_runtime":297.168395537,"train/grad_norm":6.0250678062438965}