{"_wandb":{"runtime":3528},"_timestamp":1.7355905503858624e+09,"train/loss":42.9015,"train/epoch":2.1777777777777776,"train/global_step":50,"_runtime":3370.728354013,"train/learning_rate":3.3176699082935545e-05,"_step":4,"train/grad_norm":142.92152404785156}