{"train/grad_norm":3.186500310897827,"train/learning_rate":6.17283950617284e-07,"train/epoch":0.03731343283582089,"_step":0,"_wandb":{"runtime":61},"_timestamp":1.7362484309812784e+09,"train/loss":11.4592,"train/global_step":10,"_runtime":44.770444427}