{"_wandb":{"runtime":213},"_step":2,"_runtime":210.39824602,"train_samples_per_second":23.194,"train_loss":10.607268415178572,"train_runtime":211.2574,"total_flos":1.21492897529856e+15,"train/epoch":9.03225806451613,"_timestamp":1.7363910805983489e+09,"train/grad_norm":4.132072448730469,"train/global_step":70,"eval/runtime":2.6836,"eval/loss":10.03125,"eval/steps_per_second":10.061,"eval/samples_per_second":78.254,"train/learning_rate":6.666666666666667e-06,"train/loss":10.809,"train_steps_per_second":0.331}