{"_wandb":{"runtime":3},"train_runtime":4.4007,"train/epoch":9.03225806451613,"train_steps_per_second":15.907,"_runtime":0.919319497,"train_samples_per_second":1113.466,"train/global_step":70,"total_flos":1.21492897529856e+15,"train_loss":0,"_timestamp":1.7363892797940726e+09,"_step":0}