{"_wandb":{"runtime":1083},"train_samples_per_second":1.481,"_runtime":1080.835570541,"_timestamp":1.7355860976663451e+09,"total_flos":4.2656581287936e+14,"_step":4,"train/loss":50.894,"train_loss":50.045522689819336,"train/learning_rate":1.6666666666666667e-06,"train_steps_per_second":0.044,"train/epoch":2.955223880597015,"train_runtime":1081.9751,"train/global_step":48,"train/grad_norm":166.8438720703125}