{"train/epoch":0.03731343283582089,"_wandb":{"runtime":61},"train/learning_rate":6.17283950617284e-07,"_runtime":44.467649093,"train/grad_norm":3.198695421218872,"train/loss":11.4592,"train/global_step":10,"_timestamp":1.7362486000021362e+09,"_step":0}