{"_step":0,"train/learning_rate":4.997944858028126e-06,"train/global_step":100,"_runtime":1188.192579168,"train/grad_norm":7.243152141571045,"train/loss":12.1161,"_wandb":{"runtime":1486},"train/epoch":3.1746031746031744,"_timestamp":1.7370325425172408e+09}