{"eval/loss":10.0546875,"_step":2,"train_runtime":210.3389,"_timestamp":1.7363903385178783e+09,"train/learning_rate":6.666666666666667e-06,"train_loss":10.617745535714286,"_runtime":209.440040134,"eval/steps_per_second":9.702,"train_steps_per_second":0.333,"total_flos":1.21492897529856e+15,"train/grad_norm":4.073851585388184,"eval/samples_per_second":75.463,"train/global_step":70,"train/loss":10.8178,"eval/runtime":2.7828,"train/epoch":9.03225806451613,"train_samples_per_second":23.296,"_wandb":{"runtime":212}}