{"train_steps_per_second":0.162,"train/loss":12.0524,"train/grad_norm":3.3347344398498535,"_timestamp":1.7369896369059656e+09,"_wandb":{"runtime":190},"eval/steps_per_second":5.95,"train_loss":12.12613711818572,"train/epoch":0.9841269841269841,"_runtime":190.555468055,"eval/runtime":18.1515,"train_samples_per_second":10.51,"eval/loss":12.050244331359863,"_step":6,"train/global_step":31,"total_flos":5.4460441165824e+14,"train/learning_rate":1.4655107114101008e-08,"eval/samples_per_second":47.599,"train_runtime":191.5243}