{"train/epoch":9.71111111111111,"train_steps_per_second":0.016,"train_samples_per_second":1.464,"eval/rouge2":0.11492634466553886,"eval/meteor":0.20086199397459178,"eval/rougeLsum":0.21661069978591063,"eval/bleu":0.059689564926123616,"_step":14,"_runtime":1228.792021988,"eval/samples_per_second":0.161,"train/grad_norm":65.64852905273438,"_timestamp":1.7354614356392004e+09,"total_flos":3.8739140149248e+14,"train_runtime":1229.7308,"eval/steps_per_second":0.04,"train_loss":107.93638076782227,"train/learning_rate":1.3049554138967051e-05,"eval/rouge1":0.2514493373736713,"eval/runtime":124.0002,"eval/loss":4.0979204177856445,"eval/rougeL":0.19618299799049305,"train/loss":74.3246,"_wandb":{"runtime":1231},"train/global_step":20}