{"_wandb":{"runtime":113},"train/epoch":0.03731343283582089,"_step":0,"_timestamp":1.7362509368927855e+09,"train/loss":11.4595,"_runtime":44.656924244,"train/learning_rate":1.4925373134328355e-07,"train/global_step":10,"train/grad_norm":3.1794233322143555}