{"eval/steps_per_second":5.755,"train/loss":2.0796,"train_loss":3.541739339539499,"eval/samples_per_second":46.024,"_wandb":{"runtime":15348},"eval/loss":1.8312714099884033,"eval/runtime":159.6995,"train/epoch":9.850746268656717,"train/grad_norm":0.42382243275642395,"_step":72,"train/learning_rate":4.7490302085374524e-09,"train_steps_per_second":0.175,"_runtime":15347.455214322,"train_samples_per_second":11.174,"total_flos":4.637427344474112e+16,"train/global_step":2640,"_timestamp":1.7363171694336178e+09,"train_runtime":15348.4473}