{"_runtime":315.232746753,"train/epoch":4.711111111111111,"train/learning_rate":9.251085678648072e-05,"_step":1,"train/loss":121.3353,"_wandb":{"runtime":438},"train/global_step":10,"_timestamp":1.7354420320505974e+09,"train/grad_norm":110.23027038574219}