{"train/loss":11.4592,"train/learning_rate":6.17283950617284e-07,"_timestamp":1.736235244269113e+09,"train/grad_norm":3.1993422508239746,"_wandb":{"runtime":530},"train/epoch":0.03731343283582089,"_step":0,"train/global_step":10,"_runtime":44.438135529}