{"_timestamp":1.7364084479632802e+09,"eval/samples_per_second":43.793,"total_flos":4.637427344474112e+16,"_wandb":{"runtime":15883},"train_steps_per_second":0.169,"train/learning_rate":4.7490302085374524e-09,"train/global_step":2640,"train_runtime":15882.1481,"eval/loss":2.158971071243286,"train_loss":3.7218002492731266,"_runtime":15881.000047592,"train/loss":2.387,"train/grad_norm":0.45539507269859314,"train/epoch":9.850746268656717,"eval/runtime":167.8338,"train_samples_per_second":10.798,"eval/steps_per_second":5.476,"_step":72}