{"train_steps_per_second":0.334,"train/epoch":9.03225806451613,"eval/steps_per_second":9.947,"_runtime":208.421108432,"train/learning_rate":6.666666666666667e-06,"train_runtime":209.2945,"train/global_step":70,"_wandb":{"runtime":210},"train/grad_norm":3.995359182357788,"eval/runtime":2.7144,"train_samples_per_second":23.412,"_step":2,"train_loss":10.6314453125,"_timestamp":1.7363896116241653e+09,"eval/loss":10.078125,"eval/samples_per_second":77.364,"train/loss":10.8273,"total_flos":1.21492897529856e+15}