{"train/global_step":20,"train/grad_norm":2.967535972595215,"train/learning_rate":4.347826086956522e-06,"_runtime":87.933170251,"train/loss":10.5545,"_wandb":{"runtime":119},"train/epoch":0.08705114254624592,"_timestamp":1.7358684466680825e+09,"_step":0}