{"eval/loss":4.5569539070129395,"train/grad_norm":3.52530837059021,"train/learning_rate":2.351139701825267e-08,"eval/samples_per_second":39.761,"train/epoch":2.9902067464635476,"_step":18,"total_flos":1.20669404921856e+16,"train_steps_per_second":0.157,"train_runtime":4385.2897,"_timestamp":1.7361733578282719e+09,"train_samples_per_second":10.056,"train_loss":7.0432387439444595,"train/global_step":687,"eval/runtime":158.4466,"eval/steps_per_second":4.973,"_runtime":4383.498652651,"train/loss":5.055,"_wandb":{"runtime":4385}}