{"train/epoch":9.03225806451613,"_wandb":{"runtime":3},"_step":0,"train/global_step":70,"_timestamp":1.736391245240235e+09,"train_samples_per_second":2657.325,"train_steps_per_second":37.962,"_runtime":0.912445464,"train_loss":0,"total_flos":1.21492897529856e+15,"train_runtime":1.844}