{"_wandb":{"runtime":86},"train/global_step":10,"_runtime":44.925793782,"train/grad_norm":3.3016626834869385,"_timestamp":1.7362361876084692e+09,"_step":0,"train/learning_rate":6.17283950617284e-07,"train/epoch":0.03731343283582089,"train/loss":11.4592}