{"train/global_step":1,"_runtime":3.572831041,"train/learning_rate":0,"_timestamp":1.735429917259476e+09,"train/epoch":0.0021108179419525065,"_step":0,"train/loss":22.0911,"train/grad_norm":Infinity,"_wandb":{"runtime":256}}