{"train/learning_rate":1.4655107114101008e-08,"train_steps_per_second":0.201,"train_runtime":154.1861,"_timestamp":1.736990069139741e+09,"train/epoch":0.9841269841269841,"total_flos":5.4460441165824e+14,"train_samples_per_second":13.056,"train/global_step":31,"train/grad_norm":3.4823832511901855,"eval/runtime":18.7435,"_runtime":153.233136134,"eval/loss":12.048155784606934,"eval/samples_per_second":46.096,"train_loss":12.12496526779667,"eval/steps_per_second":5.762,"_step":4,"_wandb":{"runtime":153},"train/loss":12.0504}