{"_step":14,"_timestamp":1.73586681293914e+09,"train/learning_rate":2.351139701825267e-08,"total_flos":4.02304549257216e+15,"_wandb":{"runtime":1421},"_runtime":1419.708091301,"train/grad_norm":4.187119960784912,"train_loss":9.693385361583992,"train/epoch":0.9967355821545157,"train_steps_per_second":0.161,"train_samples_per_second":10.345,"train_runtime":1420.988,"eval/samples_per_second":46.112,"eval/loss":9.169624328613281,"eval/runtime":136.6243,"train/loss":9.354,"eval/steps_per_second":5.768,"train/global_step":229}