{"eval/steps_per_second":4.974,"_timestamp":1.7361888000117612e+09,"eval/runtime":184.7623,"train_samples_per_second":9.384,"train_steps_per_second":0.147,"train/epoch":3,"eval/samples_per_second":39.781,"train_runtime":5482.8297,"train_loss":6.936134888758113,"_step":24,"_runtime":5481.504373263,"_wandb":{"runtime":5484},"train/learning_rate":3.7760889258664503e-10,"eval/loss":4.359317302703857,"total_flos":1.4122931945472e+16,"train/grad_norm":2.0119476318359375,"train/global_step":804,"train/loss":4.7459}