{"train/learning_rate":4.6500821002654075e-09,"_step":20,"eval/runtime":134.6115,"total_flos":8.04499299237888e+15,"eval/steps_per_second":5.854,"train/grad_norm":8.633930206298828,"train/global_step":458,"_timestamp":1.7360697470582252e+09,"_wandb":{"runtime":2670},"train_runtime":2669.8899,"_runtime":2668.827214957,"train/loss":7.1324,"train_steps_per_second":0.172,"train/epoch":1.9934711643090317,"train_samples_per_second":11.012,"train_loss":8.58241929133386,"eval/samples_per_second":46.801,"eval/loss":6.484797954559326}