{"_runtime":8064.649309036,"train/epoch":5,"_timestamp":1.736259859608986e+09,"train/grad_norm":7.946030139923096,"total_flos":2.353821990912e+16,"eval/runtime":166.2112,"train_runtime":8066.2596,"train_loss":8.337034612627171,"eval/steps_per_second":5.529,"eval/samples_per_second":44.221,"train_samples_per_second":10.631,"train/loss":6.2261,"train/learning_rate":1.3568657738678435e-09,"_wandb":{"runtime":8068},"train_steps_per_second":0.166,"_step":36,"train/global_step":1340,"eval/loss":5.470653533935547}