{"train/global_step":80,"_step":7,"eval/steps_per_second":0.417,"_timestamp":1.7355974774500532e+09,"_wandb":{"runtime":669},"train/epoch":1.7777777777777777,"eval/loss":3.80146861076355,"eval/error":1,"_runtime":601.175837625,"eval/samples_per_second":1.667,"train/grad_norm":8.067571640014648,"train/learning_rate":9.990359817432815e-05,"eval/runtime":96.0018,"train/loss":37.0393}