{"_wandb":{"runtime":1452},"train/learning_rate":2.351139701825267e-08,"train/loss":9.5532,"train_samples_per_second":10.128,"train_runtime":1451.3884,"train/global_step":229,"_timestamp":1.7358700866508882e+09,"eval/samples_per_second":45.066,"eval/loss":9.316717147827148,"train_steps_per_second":0.158,"total_flos":4.02304549257216e+15,"train/grad_norm":4.245968818664551,"eval/runtime":139.7963,"_runtime":1450.406709625,"eval/steps_per_second":5.637,"_step":14,"train_loss":9.923079877961671,"train/epoch":0.9967355821545157}