{"train_steps_per_second":0.331,"_timestamp":1.7363883750746567e+09,"train/loss":10.806,"_runtime":210.082821981,"_wandb":{"runtime":211},"train_samples_per_second":23.199,"train/global_step":70,"total_flos":1.21492897529856e+15,"train_runtime":211.2167,"train/learning_rate":6.666666666666667e-06,"train_loss":10.604743303571428,"train/grad_norm":4.185260772705078,"_step":1,"train/epoch":9.03225806451613}